ExterQual,AllFlrsSF,GrLivArea,SimplOverallCond,GarageArea,TotRmsAbvGrd,LotFrontage,SalePrice
4,1316,1316,2,397,6,65,169990
4,2028,2028,2,880,7,88,369900
3,1072,1072,2,525,5,35,140000
3,1048,1048,2,286,6,72,135000
3,1779,1779,2,546,6,80,197900
4,1200,1200,2,521,6,105,177500
3,924,924,2,280,5,88,110000
3,1679,1679,2,575,7,65,193500
3,840,840,3,0,5,55,87000
4,1936,1936,2,504,7,106,230500
4,1707,1707,2,511,6,0,228000
4,1456,1456,2,390,8,65,163990
4,1768,1768,2,543,8,65,224900
3,1978,1978,2,486,9,0,176000
3,1048,1048,2,420,7,60,98300
4,1419,1419,2,527,7,0,184100
4,1484,1484,2,472,6,64,265900
4,1928,1928,2,434,8,65,219500
4,1571,1571,3,380,7,59,178000
3,1121,1121,2,440,5,80,140000
4,1120,1200,2,480,4,30,144152
3,691,691,2,216,4,60,86000
3,875,875,3,180,5,51,105000
3,2380,2380,2,596,7,0,129000
3,987,987,2,264,5,21,100000
4,1734,1734,2,660,7,78,260000
3,1229,1229,2,462,5,24,124000
3,1120,1120,2,0,6,70,147000
3,1524,1524,2,315,7,78,144000
4,1479,1479,2,558,7,72,226000
4,2599,2599,2,779,10,108,333168
4,1252,1252,2,462,4,24,160000
3,1378,1378,3,360,7,60,161000
3,1632,1632,2,576,8,100,143000
3,2030,2030,2,551,8,0,195000
3,854,854,3,576,5,51,132000
4,1947,1947,2,678,8,100,254900
3,1505,1505,2,240,8,0,145000
3,1069,1069,2,440,4,53,140000
3,1920,1920,2,487,8,102,170000
3,2153,2358,2,0,8,50,122000
3,864,864,2,624,5,70,129900
4,2080,2080,3,282,9,53,234000
4,1573,1573,2,544,6,67,227000
3,1181,1181,2,588,6,90,137500
3,1339,1339,2,484,6,50,180000
3,1077,1077,1,338,6,60,67000
3,1120,1200,2,480,4,30,151000
3,1225,1225,2,0,6,77,128950
3,2134,2134,2,441,10,0,214500
3,1779,1779,2,454,6,102,170000
3,1134,1134,2,240,7,60,126000
3,1065,1065,2,461,6,80,126500
4,1786,1786,2,608,6,68,223500
4,1756,1756,2,422,7,0,204000
3,1968,1968,2,530,7,0,172000
3,1224,1224,2,402,5,0,165000
3,1429,1429,2,572,7,0,181900
3,1236,1236,2,447,6,72,134450
3,1283,1283,3,506,6,70,140000
3,1056,1056,2,304,6,65,142000
3,2142,2142,2,509,8,100,193500
3,1297,1297,2,498,5,74,153000
2,1374,1374,2,338,6,90,105000
3,1475,1475,2,336,6,41,127000
4,848,848,2,420,3,0,143000
4,985,985,3,328,6,65,149900
3,1340,1340,2,252,7,60,120000
4,1801,1801,2,800,8,72,239900
4,1844,1844,2,620,7,88,257000
3,2207,2207,2,576,7,0,180000
4,1792,1792,2,874,6,72,374000
3,960,960,3,364,3,0,145000
3,1482,1482,3,324,7,50,143000
3,438,438,2,246,3,60,60000
3,928,928,3,252,4,70,132000
4,1767,1767,3,504,5,44,239000
3,1724,1724,2,527,8,57,188000
3,2136,2136,1,528,7,89,137900
3,1728,1728,2,352,10,0,119000
3,1291,1291,2,431,6,0,173000
3,1090,1090,2,450,5,60,157000
3,1054,1054,3,480,6,80,137500
3,1868,1868,3,484,9,0,197500
3,1348,1348,3,216,5,50,117000
3,987,987,2,288,5,21,94500
3,1788,1788,2,304,8,0,161500
3,672,672,3,240,4,60,108000
4,1902,1902,3,567,7,100,335000
4,1337,1337,2,531,6,65,185000
5,2076,2076,2,850,7,107,465000
4,1414,1414,2,398,6,0,178740
3,1092,1092,2,299,6,69,141000
4,2256,2256,2,554,8,0,236000
3,901,901,3,281,4,50,107900
3,1824,1824,2,520,8,60,180500
3,1322,1322,2,440,6,24,147000
3,1601,1601,2,300,6,85,140000
4,2013,2013,2,455,8,92,269790
3,1279,1279,2,473,6,75,171500
3,1422,1422,2,576,7,78,175500
3,1422,1422,2,286,6,0,139900
4,1550,1550,2,438,7,65,241000
4,1466,1466,2,610,7,73,201000
3,2022,2022,2,505,8,83,192000
4,2452,2452,2,683,9,66,267000
5,1932,1932,2,774,7,96,394617
3,1040,1040,2,308,5,75,133000
3,1600,1600,2,319,6,47,207500
3,1053,1053,3,750,6,69,150000
4,1566,1566,2,750,7,75,262500
4,2398,2398,2,834,8,95,315750
3,1196,1196,3,440,5,40,109900
4,1929,1929,2,650,7,0,226000
3,784,784,2,0,5,50,109500
3,804,804,3,240,4,60,119000
4,1500,1500,2,570,6,63,190000
3,1198,1198,3,0,7,60,79900
3,1647,1647,2,216,6,66,128000
3,958,958,2,440,5,0,128000
4,1372,1372,2,529,6,72,250580
3,1478,1478,2,498,6,0,157500
4,1240,1240,2,826,5,74,194000
3,1935,1935,3,550,7,0,197900
3,1680,1680,2,528,8,0,136905
4,2046,2046,2,871,8,85,284000
3,1961,1961,2,560,7,71,215000
4,2167,2167,3,518,9,0,294000
3,1092,1092,2,288,6,0,139000
3,1818,1818,2,240,7,0,169500
3,1800,1800,2,463,7,60,179000
3,1593,1593,2,398,8,62,193000
4,1208,1208,2,632,6,64,206000
3,1453,1453,2,445,6,0,190000
3,2263,2263,3,539,9,0,235000
2,334,334,1,0,2,50,39300
3,1688,1688,2,603,8,79,200000
3,1252,1252,2,288,6,80,119000
3,1229,1229,2,284,6,0,135000
3,1513,1513,3,180,8,51,137500
3,1235,1235,1,480,6,85,98600
3,1040,1040,2,0,5,60,124000
4,1922,1922,2,676,8,86,377426
3,1060,1060,3,572,6,44,129900
3,894,894,3,336,5,65,138500
3,2521,2521,2,576,10,42,151400
4,1258,1258,3,528,5,80,145000
3,872,872,2,480,5,70,123000
3,1040,1040,2,420,4,60,109900
3,1523,1523,2,478,7,104,180000
5,999,999,3,588,6,0,178400
3,2414,2414,2,520,10,60,160000
4,1575,1575,2,529,5,50,179200
3,1844,1844,2,546,7,105,190000
3,1412,1412,2,432,6,73,156932
3,2108,2108,3,540,7,120,235000
3,773,773,2,240,4,57,110000
3,1103,1103,2,440,5,50,110500
3,1680,1680,3,308,8,63,177000
4,1490,1490,2,388,8,60,184000
3,1261,1261,2,433,6,76,163000
4,2183,2183,2,786,9,0,229000
3,1663,1663,2,529,6,0,256000
3,1386,1386,2,440,6,0,158900
4,1626,1626,2,474,6,36,173000
4,2263,2263,2,420,10,93,258000
3,2080,2080,2,504,9,70,135000
4,1391,1391,2,530,5,59,196000
3,1446,1446,2,406,6,57,175000
3,1913,1913,2,342,9,57,177000
4,1428,1428,2,554,6,91,227680
3,1178,1178,2,439,5,80,157000
3,1194,1194,2,539,6,79,159500
3,1652,1652,2,416,7,60,139000
3,864,864,2,576,4,70,97000
2,708,708,3,0,5,50,82500
3,990,990,2,576,5,43,156000
3,1725,1725,2,550,6,80,197000
3,1158,1158,2,576,5,63,158000
3,825,825,3,720,4,49,125000
4,1987,1987,2,691,7,91,301500
3,1117,1117,2,672,6,94,107000
3,1285,1285,2,240,6,50,127000
3,1416,1416,3,576,7,0,112000
4,1710,1710,2,548,8,65,208500
4,1479,1479,2,577,6,93,191000
3,1804,1804,2,442,7,60,189000
3,1196,1196,3,528,7,67,110000
3,900,900,2,288,6,68,123000
3,1501,1501,2,440,6,24,179400
3,2290,2290,2,560,11,60,122500
3,767,767,2,367,4,34,133000
3,1200,1200,2,0,5,60,179000
3,1382,1382,2,459,6,75,148000
3,1285,1285,2,528,7,71,143500
3,1771,1771,2,336,9,100,115000
4,2392,2392,2,870,7,82,348000
3,1700,1700,2,447,6,70,165500
4,848,848,2,420,3,37,136500
3,882,882,2,461,5,70,112500
3,1132,1132,2,451,5,60,176000
3,1008,1008,2,275,4,0,137000
3,1563,1563,2,758,6,78,245000
3,1370,1370,2,479,6,80,152000
4,848,848,2,420,4,0,144000
3,1304,1304,2,336,4,0,115000
3,971,971,2,300,5,69,128500
3,1593,1593,2,389,7,0,178000
4,1845,1845,2,462,8,70,189000
3,1360,1360,2,297,6,60,125500
3,1200,1200,3,884,6,71,146000
3,1109,1109,3,288,5,70,139000
3,1039,1039,2,504,6,75,131500
3,1144,1144,2,796,6,70,143000
3,1548,1548,2,440,7,24,155000
3,1920,1920,2,400,10,95,137000
3,965,965,2,300,6,60,119900
3,2002,2002,2,871,8,82,145000
3,968,968,2,0,6,50,37900
4,1944,1944,2,708,8,90,360000
4,1850,1850,2,467,7,0,248000
3,1559,1559,2,812,5,90,153500
4,1262,1262,2,572,5,60,185000
3,2171,2555,3,672,11,79,191000
3,1355,1355,3,0,7,60,127000
3,1080,1080,2,0,6,63,141000
3,1812,1812,2,264,8,69,169500
3,1477,1477,3,216,6,52,145000
3,1383,1383,2,292,7,80,145250
3,1073,1073,3,515,6,79,156000
3,774,774,2,0,6,70,79000
3,1664,1664,3,420,7,50,159000
3,1416,1416,3,720,7,100,153900
4,1895,1895,2,409,7,0,194500
3,1363,1363,3,439,5,73,241500
3,894,894,3,450,5,57,130000
4,1560,1560,2,400,6,122,174000
3,1616,1616,3,216,5,40,152000
3,864,864,3,0,4,56,99900
3,2267,2320,2,672,7,0,169000
4,1709,1709,2,380,7,24,130000
4,1719,1719,2,473,6,32,324000
5,1684,1684,2,564,6,63,266000
3,1517,1517,3,0,7,85,115000
3,1096,1096,2,0,5,60,79000
3,1362,1362,3,502,6,60,128000
3,1456,1456,2,440,7,24,146000
2,904,904,1,0,4,0,61000
4,1298,1298,2,403,5,0,180000
4,1362,1362,2,460,6,61,194700
4,1850,1850,2,772,8,98,326000
3,2514,2514,2,693,8,0,250000
3,1582,1582,2,390,7,0,190000
3,2117,2117,3,550,7,0,237500
3,1969,1969,2,534,8,92,190000
3,912,912,3,576,5,72,147000
3,1004,1004,3,480,5,0,149000
4,1776,1776,2,474,7,65,192500
3,1092,1092,2,264,6,21,88000
3,988,988,2,297,5,21,91000
3,1721,1721,2,440,7,78,180000
3,1262,1262,3,460,6,80,181500
4,904,904,3,180,4,50,119000
3,1126,1126,2,540,6,0,175000
3,1472,1472,2,588,6,0,187500
3,1383,1383,2,354,6,0,165000
4,1441,1441,2,492,5,24,174000
3,1126,1126,2,484,5,80,160000
3,860,860,2,528,4,74,137000
4,2468,2468,2,872,10,99,354000
4,2132,2132,3,612,5,79,316600
3,987,987,2,264,5,21,83000
4,1625,1625,2,538,5,44,235000
3,960,960,2,308,5,50,108500
3,1154,1154,2,480,6,0,154000
4,2526,2526,2,844,8,92,290000
4,1370,1370,2,484,6,44,202500
3,1211,1211,2,322,5,55,134000
3,990,990,2,0,5,60,123600
4,1314,1314,2,626,6,34,230000
5,1766,1766,2,478,7,85,370878
3,1040,1040,3,625,5,60,109500
3,1440,1440,2,0,8,92,118000
3,912,912,2,0,3,52,80500
4,2113,2113,2,839,7,91,350000
4,2097,2097,2,678,9,59,228000
3,864,864,2,528,5,60,120500
3,1126,1126,2,520,5,67,108000
4,1368,1368,2,474,6,40,202665
3,1244,1244,2,336,6,90,150000
3,1271,1271,2,312,7,115,135000
3,1116,1116,2,440,5,87,160000
4,1537,1537,3,462,7,80,174000
4,1788,1788,2,522,7,0,236500
4,1525,1525,2,440,5,0,177000
4,1665,1665,2,562,7,65,205950
3,1774,1774,1,779,8,60,87000
4,1630,1630,2,860,8,61,295493
4,1310,1310,2,400,6,65,164990
4,1616,1616,2,608,5,39,236500
3,1577,1577,2,312,6,65,140200
3,864,864,1,0,5,45,67000
3,1306,1306,1,0,6,55,76500
3,1003,1003,2,588,6,37,142500
4,1749,2230,2,440,10,60,118500
3,1750,1750,3,423,7,75,160000
3,1212,1212,3,492,6,88,151000
3,988,988,2,540,4,0,180000
3,893,893,3,576,4,60,135000
4,1948,1948,2,434,8,41,195000
4,1248,1248,2,438,5,43,167240
3,1772,2192,3,240,8,60,179500
3,1268,1268,2,244,7,78,132000
4,1431,1431,2,666,6,68,192000
4,1919,1919,2,685,8,120,233230
3,1040,1040,2,420,6,60,90000
4,1145,1145,2,397,5,43,160200
3,768,768,3,624,5,54,129500
4,1605,1605,2,379,8,60,107400
3,1812,1812,3,672,8,76,140000
4,1640,1640,2,520,6,65,173000
3,1365,1365,2,440,6,24,122500
3,796,796,2,0,5,40,55000
4,1402,1402,2,648,7,53,194201
3,1738,1738,2,368,7,0,104900
5,2324,2324,2,736,11,85,345000
3,1352,1352,3,299,7,80,158000
3,924,924,3,576,6,60,122900
3,1092,1092,3,504,6,75,145000
3,1824,1824,2,739,5,0,302000
4,1306,1306,2,624,5,34,196000
3,864,864,3,720,5,60,129000
4,968,968,2,480,5,60,100000
4,1428,1428,2,480,6,95,182000
3,1080,1080,2,484,5,71,134000
3,1118,1118,3,410,5,65,119900
5,2402,2402,2,672,10,105,555000
3,980,980,2,484,6,71,135000
3,1232,1232,2,516,6,0,162500
4,864,864,3,336,6,0,136500
4,914,914,2,576,5,57,148000
3,1442,1442,2,500,5,99,180500
3,900,900,2,280,5,0,122000
4,1739,1739,2,480,7,24,172500
4,1953,1953,2,501,9,0,240000
3,1218,1218,2,264,7,21,113000
3,1701,1701,2,611,6,0,171000
3,858,858,2,576,5,0,134900
3,1218,1218,2,0,7,21,91500
3,1389,1389,3,240,6,60,135000
3,894,894,2,450,5,109,129000
3,1501,1501,2,420,6,0,165600
4,1582,1582,2,520,6,64,185900
4,1744,1744,3,457,7,0,194500
4,1414,1414,2,494,6,65,185500
4,1644,1644,2,569,5,0,275000
3,1124,1124,2,0,5,77,93000
3,1128,1128,2,525,6,80,155000
3,816,816,2,0,5,81,118500
4,1790,1790,2,588,7,68,193000
3,2158,2158,3,576,7,84,243000
3,913,913,2,240,6,70,129000
3,1344,1344,2,513,7,34,98000
3,1144,1144,2,264,6,80,131400
5,2018,2018,2,746,10,89,378500
3,1432,1432,3,360,7,60,132000
4,1464,1464,2,754,6,49,282922
5,2340,2340,3,252,9,66,266500
3,892,892,2,288,5,65,100000
3,1095,1095,2,264,6,75,140000
3,1268,1268,3,252,5,0,143500
3,1993,1993,2,495,8,0,190000
4,1557,1557,2,420,7,0,234000
4,2217,2217,2,621,8,95,268000
3,1478,1478,1,442,6,70,156500
3,944,944,1,528,4,74,82000
3,1507,1507,2,404,7,70,127000
4,1787,1787,2,748,7,0,275000
3,720,720,2,287,4,0,72500
4,1708,1708,2,380,7,32,130000
3,1216,1216,2,336,6,80,118500
3,1050,1050,2,338,5,80,128900
3,764,764,2,504,4,30,73000
3,1716,1716,2,0,9,55,135900
3,1034,1034,2,888,6,0,169900
4,1904,1904,2,736,8,74,275000
3,1200,1200,2,312,7,84,125000
4,1530,1530,2,430,7,124,260000
4,1795,1795,2,534,7,75,230000
3,1204,1204,2,412,5,32,162000
3,1144,1144,2,336,6,71,124000
3,1121,1121,2,480,5,80,139000
3,1078,1078,2,500,6,0,149900
4,1680,1680,3,540,5,0,222000
4,1792,1792,2,564,7,80,231500
3,987,987,2,280,5,21,106000
4,2353,2353,3,484,10,94,260000
4,1861,1861,2,492,8,95,200000
3,789,789,2,250,5,50,115000
3,816,816,2,288,3,67,100000
3,1008,1008,3,240,6,66,134500
3,907,907,2,352,5,77,109008
4,2417,2417,2,462,9,121,260000
3,2138,2138,2,360,11,90,106000
4,1274,1274,2,508,6,68,203000
4,2290,2290,2,779,9,0,255900
4,848,848,2,420,4,0,140000
3,1032,1032,2,564,6,0,148000
4,848,848,2,420,3,0,149300
4,1266,1266,2,453,6,62,176000
3,1317,1317,2,250,6,50,40000
3,1040,1040,2,384,5,70,129500
3,1148,1148,2,672,6,70,132500
3,694,694,2,352,4,40,90350
3,1040,1040,2,400,6,0,87500
4,1228,1228,2,472,5,40,189000
4,1176,1176,3,624,4,50,134900
3,1666,1666,3,228,7,0,161000
4,1476,1476,2,540,7,64,173500
3,2526,2526,3,216,10,60,136000
3,520,754,3,0,5,60,84500
4,1604,1604,2,660,8,68,220000
3,1006,1006,1,0,5,0,80000
3,833,833,2,0,5,0,112000
3,1128,1128,2,286,5,75,118000
3,1687,1687,2,572,7,0,160000
4,2198,2198,2,836,9,84,250000
3,1265,1265,3,502,6,85,179900
3,1858,2229,2,0,8,92,104000
3,1350,1350,2,520,6,82,168500
4,2078,2078,2,836,8,85,339750
4,2365,2365,2,856,8,82,337000
3,1651,1651,2,616,7,47,184000
3,1138,1138,3,264,6,65,145000
3,894,894,2,384,5,99,125000
4,1710,1710,2,506,7,76,187000
3,1310,1310,2,398,6,50,112000
4,1036,1268,3,288,6,60,133000
3,1368,1368,3,216,7,60,114504
3,1411,1411,2,544,6,85,82500
4,1920,1920,2,451,8,0,172500
4,1548,1548,3,672,5,55,205000
3,1052,1052,3,440,6,80,155000
5,1478,1478,2,484,7,0,222000
4,1494,1494,2,840,7,91,279500
3,1216,1216,2,402,5,32,164000
4,1646,1646,2,482,5,44,275000
4,1500,1500,2,648,6,53,246578
3,970,970,2,624,5,80,132500
4,1601,1601,2,670,6,0,272000
4,1509,1509,2,393,7,0,183200
3,1712,1712,2,588,8,70,145000
3,1125,1125,2,430,5,74,155000
3,864,864,2,576,5,0,111250
3,1824,1824,2,0,8,94,139000
4,848,848,2,420,3,37,155900
4,1200,1200,2,480,4,30,151000
3,1820,1820,2,492,8,0,201800
3,1600,1600,2,460,7,57,169000
2,1044,1044,2,504,4,66,55993
3,882,882,2,0,4,55,103200
3,1430,1430,2,400,7,0,180000
3,1112,1112,1,336,4,36,85000
3,986,986,2,180,5,60,102000
4,1646,1646,2,800,7,71,293077
4,1826,1826,3,164,7,50,155000
3,1357,1357,3,312,5,124,177000
4,1256,1256,2,276,6,75,147500
3,2157,2157,2,487,8,88,226000
4,2110,2110,2,522,8,93,244000
3,1173,1173,2,528,6,85,170000
4,1621,1621,3,440,8,91,202500
3,1158,1158,3,208,5,50,120000
3,1482,1482,2,392,7,0,163900
3,1718,1718,2,427,7,74,185000
3,789,789,2,200,5,55,96500
3,1958,1958,2,492,8,82,145000
4,1694,1694,2,776,7,64,245350
3,2372,2372,2,432,11,60,107500
3,912,912,2,352,4,0,144000
4,1886,1886,2,431,10,0,199900
3,1393,1393,3,300,8,59,135500
4,2062,2062,2,454,7,0,277000
3,894,894,3,552,5,70,149900
3,1320,1320,2,564,6,96,164500
3,923,923,2,264,5,37,119500
4,2504,2504,2,656,11,77,325000
3,948,948,2,248,5,75,111000
3,1137,1137,2,551,5,54,176000
3,864,864,2,338,5,36,133500
3,981,981,2,576,5,0,143250
4,1908,1908,2,431,9,85,202900
4,1434,1434,2,527,6,65,189000
3,958,958,3,301,5,0,151500
3,790,790,2,160,4,52,91000
3,1416,1416,2,776,7,90,179900
3,1097,1097,2,672,6,112,145000
3,1442,1442,2,301,7,75,157900
3,884,884,3,504,5,0,144000
3,1040,1040,3,260,6,0,127000
4,1656,1656,2,397,7,60,165400
4,1364,1364,2,484,6,43,185850
3,1671,1671,2,472,7,58,173000
3,1768,1768,3,320,6,60,163000
3,1203,1203,2,352,5,0,110000
3,904,904,3,408,6,0,109900
3,968,968,2,216,5,60,64500
4,1456,1456,2,400,7,0,215000
3,1644,1644,2,418,7,80,167000
3,838,838,3,275,5,55,130000
3,900,900,3,576,5,60,134800
3,1520,1520,2,281,6,55,159434
5,1940,1940,2,606,8,83,395192
4,1626,1626,2,474,6,36,175500
3,1682,1682,2,530,7,80,174000
4,1363,1363,3,288,6,75,164900
4,1504,1504,2,437,7,43,191000
4,1629,1629,2,808,9,85,270000
3,720,720,3,484,5,60,105900
4,1382,1382,2,490,6,0,165000
3,1425,1425,2,576,7,100,180500
3,1660,1660,3,240,6,74,188700
3,1661,1661,2,377,8,80,165500
3,1584,1584,2,792,8,65,124000
4,1436,1436,2,484,8,65,210000
3,1344,1344,2,0,6,21,97000
3,1324,1324,2,440,6,84,160000
3,894,894,2,600,6,60,123000
4,1294,1294,2,662,6,64,193879
4,1504,1504,2,457,7,43,181000
4,1863,1863,2,660,9,58,219210
3,1365,1365,2,440,7,24,125000
3,2156,2156,3,508,9,0,262500
4,2060,2060,2,521,8,97,211000
3,1349,1349,2,539,6,65,179000
4,1218,1218,2,676,4,75,208300
3,864,864,2,288,4,60,120000
3,1250,1250,2,552,8,53,139000
3,1336,1336,2,375,5,90,157000
4,1314,1314,2,552,6,72,229456
5,1518,1518,2,588,6,62,274000
4,2295,2295,2,590,9,0,268000
4,1700,1700,2,544,7,70,200000
3,1768,1768,2,0,8,72,136500
3,1796,1796,2,546,7,0,211000
3,1218,1218,3,264,7,21,118000
3,1776,1776,2,888,9,85,110000
3,912,912,2,336,5,70,125000
4,1640,1640,2,595,6,72,183000
3,1376,1376,2,240,6,79,105000
3,1470,1470,2,388,6,0,177000
3,520,520,2,240,4,60,68500
3,1056,1056,2,576,4,64,144000
3,1502,1502,2,270,6,60,149000
3,996,996,2,0,6,63,108000
3,1328,1328,2,528,6,0,143000
3,1686,1686,2,612,7,79,207500
3,1576,1576,2,225,8,52,149000
3,1077,1077,2,210,6,60,91000
4,848,848,2,420,3,0,149000
4,1908,1908,2,493,8,70,210000
3,1588,1588,2,680,7,80,134432
4,1234,1234,2,484,7,85,179900
3,1724,1724,2,480,7,0,197900
4,1573,1573,2,440,5,0,177500
3,1796,1796,2,483,8,71,140000
3,1180,1180,2,252,5,80,137500
4,1580,1580,2,830,7,92,235128
3,1130,1130,2,720,5,60,120000
3,1638,1638,2,472,7,59,192000
4,1797,1797,2,639,8,79,213500
4,2524,2524,2,542,9,80,278000
3,1324,1324,2,240,6,50,128000
3,752,752,2,264,4,50,125000
4,1710,1710,2,866,6,107,372402
3,1253,1253,2,402,6,63,176000
4,1617,1617,2,533,5,50,193000
3,1717,1717,2,642,7,60,140000
3,1664,1664,2,528,8,78,162900
4,1484,1484,2,606,7,70,213000
3,1620,1620,2,462,7,80,152000
3,1167,1167,2,495,6,98,144000
3,1052,1052,2,288,5,70,138500
3,1656,1656,2,506,8,87,135000
3,1689,1689,2,480,7,73,127500
3,1026,1026,2,576,5,0,147000
4,2482,2482,2,642,9,88,281213
3,1328,1328,2,308,5,115,170000
3,1067,1067,3,436,4,60,128000
3,1552,1552,2,434,6,85,179900
3,1165,1165,3,490,6,82,174900
3,1114,1114,2,576,6,66,155000
3,1302,1302,3,264,6,21,119500
4,1768,1768,2,603,7,75,226700
3,2259,2259,2,450,7,0,217000
3,1452,1452,2,0,8,33,113000
3,1396,1396,3,384,7,60,153575
3,952,952,3,283,4,0,135750
3,1696,1696,2,349,8,40,143900
3,1526,1526,2,364,7,68,144500
4,1199,1199,2,530,5,55,153900
3,1054,1054,3,460,6,65,151000
3,1184,1184,1,0,8,58,81000
3,1302,1302,2,280,6,21,112000
3,1056,1056,3,260,6,80,139400
3,894,894,2,440,5,100,142500
3,1683,1683,2,440,7,70,172500
4,1484,1484,2,393,8,65,178900
3,1306,1306,3,756,5,64,153000
3,1144,1144,2,456,6,75,139950
4,2267,2267,2,390,8,0,200000
4,2260,2260,2,533,7,80,328000
4,1839,1839,2,486,7,58,221000
4,1352,1352,2,466,5,47,208900
4,2031,2031,2,577,7,75,237000
5,1828,1828,2,774,9,90,314813
3,1072,1072,2,525,5,35,145000
3,1500,1500,2,564,6,68,173900
4,1761,1761,2,578,7,84,227875
3,1682,1682,2,523,7,70,200500
3,2097,2097,2,583,8,75,274300
3,1539,1539,2,576,5,51,141500
3,1136,1136,2,384,5,80,140000
4,1320,1320,2,400,6,0,162000
3,1928,1928,3,0,10,0,160000
3,1750,1750,2,240,8,50,124000
3,1122,1122,3,528,6,100,147000
3,803,803,2,360,5,50,87000
3,1469,1469,3,216,7,60,135000
4,1670,1670,2,690,7,50,240000
4,1694,1694,2,636,7,75,307000
4,1208,1208,2,546,6,0,165000
3,1632,1632,3,484,7,0,173000
3,2320,2320,3,180,9,61,259500
3,1026,1026,3,440,5,61,156000
3,1094,1094,2,495,5,85,155000
3,1437,1437,2,576,6,0,168000
4,1630,1630,2,451,6,75,213000
3,1764,1764,2,470,7,65,231500
3,1221,1221,3,392,7,60,104900
3,1092,1092,2,286,6,21,75000
3,1230,1230,3,305,5,51,121600
3,1430,1430,2,400,8,76,170000
3,1111,1111,2,200,5,60,95000
3,864,864,3,288,5,120,128500
3,1355,1355,3,0,6,62,127500
3,1040,1040,2,648,5,94,132250
3,954,954,2,576,6,55,132500
3,1250,1250,3,280,7,45,116000
3,1392,1392,3,299,6,0,161750
3,672,672,2,234,4,50,113000
4,1950,1950,2,576,7,66,239000
3,1034,1034,2,240,5,60,109000
4,2054,2054,2,390,7,0,244000
3,1641,1641,3,546,6,60,178000
4,1852,1852,2,660,7,73,230000
3,924,924,2,280,5,60,80000
2,841,841,2,294,4,60,82000
3,1400,1400,3,440,6,74,149500
3,1694,1694,2,576,7,60,136500
3,1057,1057,3,246,5,68,109000
3,1734,1734,2,539,8,75,126000
4,2144,2144,3,389,7,0,277000
3,1190,1190,2,540,6,70,132500
3,480,480,1,308,4,50,35311
4,1842,1842,2,894,5,68,385000
4,1456,1456,2,400,8,65,179540
3,1214,1214,2,318,5,0,143000
4,1923,1923,2,564,8,107,190000
4,1250,1250,2,625,5,35,171900
4,1624,1624,2,757,5,89,262000
3,1564,1564,2,476,7,70,171000
4,2452,2452,2,691,9,108,309000
4,1600,1600,2,890,7,110,256300
3,1458,1458,2,330,6,78,97500
4,910,910,3,414,5,74,116000
4,1856,1856,1,834,8,88,394432
3,1183,1183,3,308,6,50,120000
3,1795,1795,2,352,7,81,131500
3,1140,1140,2,0,6,90,84500
3,1040,1040,2,400,6,60,92900
4,1302,1302,2,436,6,73,176485
2,816,816,2,516,5,110,110000
4,2466,2466,2,610,8,102,340000
3,864,864,2,0,5,67,98000
4,1983,1983,2,490,9,0,225000
4,1541,1541,2,843,6,118,205000
3,1668,1668,3,271,6,80,140000
3,948,948,2,280,5,60,119000
3,1020,1020,3,0,6,54,94000
3,1004,1004,2,504,4,78,135000
3,1258,1258,2,400,6,60,108959
4,2110,2110,2,463,8,0,205000
3,1226,1226,2,740,6,94,198900
3,788,788,2,0,4,0,100000
3,1855,1855,2,325,7,75,136900
3,779,935,2,308,4,50,79500
3,918,918,2,264,5,55,99500
3,1529,1529,1,240,9,50,98000
3,1005,1005,2,672,5,60,115000
4,2448,2448,3,711,8,52,402000
3,1367,1367,2,560,6,52,127500
3,1215,1215,3,297,6,66,155000
3,1192,1192,2,189,6,60,78000
4,1296,1296,2,471,6,0,220000
3,796,796,3,0,4,67,85000
4,2161,2161,2,789,8,86,325624
3,1334,1334,2,630,6,80,167900
3,2236,2236,2,642,8,0,222000
3,1097,1097,2,480,6,81,152000
3,1248,1248,2,160,6,52,87000
3,1060,1060,3,270,6,0,154000
3,1086,1086,2,484,6,85,159950
4,1440,1440,3,467,7,0,182900
4,1258,1258,2,648,6,53,172500
3,969,969,2,440,5,120,122000
4,1405,1405,2,478,6,0,171750
3,1786,1786,2,684,7,69,204750
3,864,864,3,572,5,60,115000
3,1328,1328,2,210,8,57,107000
4,1301,1301,2,572,5,60,187750
3,930,930,3,308,6,60,84900
4,1430,1430,2,605,6,67,187100
4,1509,1509,2,393,8,63,180000
4,1646,1646,2,870,6,67,248900
3,1716,1716,2,281,8,60,131000
4,1479,1479,3,475,6,0,130500
3,1610,1610,3,480,6,0,205000
4,1316,1316,2,440,6,103,200141
3,1342,1342,2,457,7,0,161500
3,932,932,2,306,4,57,124000
3,630,630,3,286,3,21,86000
5,2576,2576,2,666,10,82,361919
3,1134,1134,3,254,6,70,135000
3,1494,1494,2,576,6,79,217000
4,1894,1894,2,510,8,80,214900
3,1082,1082,2,240,5,60,119200
3,1440,1440,2,352,6,63,79000
4,1720,1720,2,440,7,62,183500
3,1086,1086,3,490,6,85,144900
3,1392,1392,2,528,5,0,121500
3,1675,1675,2,502,7,0,181000
4,1838,1838,2,372,7,60,192140
3,999,999,2,300,6,69,134500
3,1294,1294,3,0,7,60,106250
3,1350,1350,2,478,7,78,165000
5,1718,1718,2,786,7,96,337500
3,1362,1362,2,480,5,85,143000
3,1314,1314,2,294,5,70,145000
3,1803,1803,2,484,8,88,155000
3,784,784,1,360,5,60,76000
3,2119,2119,2,583,7,0,158000
3,1360,1360,2,572,6,60,130000
3,1644,1644,3,312,7,79,146500
3,1511,1511,2,413,8,70,185000
3,845,845,1,290,5,0,84000
3,1573,1573,3,240,6,51,133000
4,1836,1836,2,484,8,70,216837
3,1159,1159,2,336,7,0,158000
4,1252,1252,2,528,7,80,142000
3,780,780,3,352,4,60,124900
3,698,698,3,0,4,50,118000
4,1867,1867,2,303,7,0,190000
4,1660,1660,2,500,8,85,290000
4,1689,1689,2,857,7,0,271000
3,1056,1056,2,308,6,70,139000
3,1375,1375,2,451,5,75,140000
3,1319,1319,2,270,5,79,123000
3,1111,1111,3,288,5,0,116900
3,912,912,3,297,5,70,120000
4,1337,1337,2,511,5,34,181000
4,1555,1555,2,660,7,53,174000
3,1387,1387,2,256,7,50,93000
3,832,832,2,528,4,59,105500
3,1012,1012,2,308,6,59,118400
4,1535,1535,2,532,7,70,214000
4,1960,1960,2,440,8,0,216500
3,1520,1520,2,364,7,80,153000
3,987,987,2,264,4,21,85400
3,1502,1502,3,180,7,55,165000
4,1652,1652,2,840,6,108,325000
3,1479,1479,3,484,7,0,184000
4,2020,2020,2,466,8,80,239500
4,1661,1661,2,550,6,43,212000
3,1099,1099,2,352,6,75,144000
3,864,864,2,280,5,71,116050
4,1472,1472,2,402,7,0,160000
3,1252,1252,3,576,5,92,127000
4,1419,1419,2,567,7,60,392000
4,1567,1567,2,648,7,53,264561
3,1728,1728,2,576,10,74,142600
3,747,747,2,528,5,52,79900
4,1414,1414,2,403,6,74,178000
3,1647,1647,2,460,7,62,175000
3,1343,1343,2,186,7,54,154900
4,1337,1337,2,462,5,41,180000
5,1726,1726,2,786,8,79,311872
3,1792,1792,2,0,8,60,136000
3,720,720,2,0,4,60,34900
3,816,816,3,816,4,60,138000
4,1962,1962,2,868,7,73,239799
3,2329,2329,2,514,10,86,262280
3,1691,1691,2,308,6,50,127000
4,1704,1704,2,772,7,98,306000
3,1144,1144,2,596,6,68,129000
3,2596,2596,2,840,9,111,342643
4,2035,2035,2,434,8,0,222500
3,1768,1768,3,240,7,60,175000
3,1790,1790,2,484,8,80,165150
5,1694,1694,2,818,7,93,318000
3,1664,1664,2,0,8,75,100000
3,1015,1015,3,450,6,51,88000
3,1395,1395,2,497,6,0,162000
3,1047,1047,3,273,6,60,100000
5,1869,1869,2,617,6,68,318061
3,1510,1510,2,296,7,60,108000
5,2332,2332,2,846,9,96,426000
3,1657,1657,1,484,7,0,163500
3,1040,1040,2,286,6,70,133700
3,1048,1048,2,280,5,58,113000
3,1604,1604,2,660,6,60,117000
3,854,1382,2,660,7,0,128500
4,1212,1212,2,573,6,70,178000
4,2243,2243,2,746,8,116,225000
4,1340,1340,2,396,6,73,181134
3,1069,1069,2,440,4,53,127500
3,1344,1344,2,484,6,0,144000
4,1208,1208,2,628,6,64,195400
3,1217,1217,2,497,6,0,173000
3,1092,1092,2,286,6,21,88000
3,1113,1113,3,504,6,0,148000
4,1949,1949,2,574,8,80,236000
4,1554,1554,2,627,6,34,209500
3,768,768,3,396,5,60,133900
4,1541,1541,2,532,7,95,220000
3,1028,1028,2,360,5,56,115000
3,2447,2447,3,336,10,50,169000
5,1470,1470,3,420,6,0,185000
3,835,835,2,366,5,85,83000
4,2520,2520,3,796,10,0,310000
3,1155,1155,3,576,6,88,148000
4,1358,1358,2,484,6,44,224000
4,1489,1489,2,776,7,81,232600
3,1100,1100,2,312,6,0,141000
3,869,869,3,0,4,51,85500
4,1102,1102,2,480,4,0,148800
3,1131,1131,2,200,5,52,66500
3,1872,1872,2,604,6,80,241500
4,1555,1555,2,430,7,43,192500
3,902,902,2,484,5,0,131000
3,1774,1774,2,468,8,51,129900
5,2364,2364,2,820,11,100,611657
3,892,892,2,264,5,0,110000
3,1154,1154,3,240,7,40,125500
3,1120,1120,2,544,5,85,129000
3,1517,1517,3,400,7,0,230000
4,1496,1496,2,474,7,76,225000
4,1593,1593,2,682,5,41,286000
3,1382,1382,2,884,6,120,176000
3,1728,1728,2,504,10,70,125000
3,1392,1392,2,458,6,80,166000
4,1800,1800,2,765,7,85,312500
3,2200,2200,3,0,9,67,145900
4,1494,1494,2,514,5,0,215000
3,2403,2403,3,349,10,0,244400
4,1422,1422,2,626,7,63,179600
3,1068,1068,3,264,6,70,154500
4,1826,1826,2,758,7,69,319000
3,827,827,3,392,5,60,107500
3,951,951,2,327,6,50,106500
4,1844,1844,2,540,7,0,223000
4,816,816,3,432,5,0,120500
4,1720,1720,2,565,7,89,196500
3,1991,1991,3,432,7,0,220000
4,1314,1314,2,626,6,34,207500
4,1200,1200,2,555,5,67,184900
4,1922,1922,2,672,7,64,198500
3,1217,1217,2,288,6,75,120000
3,964,964,3,432,5,80,163500
4,1536,1536,2,532,7,70,214000
4,1665,1665,2,528,6,70,227000
3,1381,1381,3,676,5,78,197500
3,1964,1964,2,483,8,80,205000
3,1152,1152,2,0,6,65,82000
4,1241,1241,2,569,4,35,199900
3,1714,1714,2,496,7,80,196500
3,864,864,2,660,5,60,120500
3,1981,1981,1,576,7,65,135000
3,1710,1710,2,480,9,50,140000
3,894,894,2,308,5,75,128200
4,792,792,3,240,5,52,109500
4,1992,1992,2,648,9,75,250000
3,1471,1471,2,440,6,34,172500
3,902,902,2,288,6,0,125500
3,1302,1302,3,309,7,85,158000
3,988,988,2,520,4,100,113000
4,1614,1614,2,865,7,86,221500
3,1784,1784,2,180,9,96,138887
4,1426,1426,3,216,7,55,189950
4,2374,2374,2,656,10,93,285000
3,1230,1230,2,440,5,60,110000
4,1742,1742,3,424,8,121,168000
3,1690,1690,2,463,7,0,181000
3,1820,1820,2,240,8,60,184000
3,1608,1608,2,216,7,51,137450
4,1224,1224,2,528,4,40,164500
3,2034,2034,2,645,8,0,219500
3,1040,1040,2,576,6,82,152000
3,816,816,3,264,5,76,124500
4,2090,2090,2,556,8,80,240000
4,1616,1616,2,834,7,73,232000
3,1762,1762,3,576,8,60,157000
3,1252,1252,3,564,4,0,235000
3,630,630,2,0,3,21,75500
3,1276,1276,1,350,5,68,60000
4,1829,1829,2,613,7,44,237000
4,1224,1224,2,528,4,30,173733
4,2344,2344,2,889,7,79,265000
3,1150,1150,2,300,6,70,141000
3,1367,1367,3,384,7,50,119000
4,1498,1498,2,675,5,73,204900
3,864,864,2,0,5,70,115000
3,1142,1142,2,528,6,44,134000
5,1698,1698,2,768,8,86,320000
4,1876,1876,2,540,8,76,185000
4,2574,2574,2,868,10,69,276000
3,858,858,2,684,4,0,110000
3,1456,1456,2,440,7,24,148500
3,1458,1458,2,440,5,34,176000
3,1096,1096,2,299,6,0,138800
3,1740,1740,2,240,6,75,219500
4,1742,1742,2,564,5,0,275000
3,1363,1363,3,528,6,60,125500
3,1494,1494,3,213,7,0,177500
3,1352,1352,2,288,6,92,130000
3,2337,2337,2,560,10,85,90000
4,1220,1220,2,632,6,64,194000
4,1574,1574,2,824,7,75,232000
4,1971,1971,2,689,8,75,253000
4,1768,1768,2,578,7,68,212000
3,1344,1344,2,784,8,78,206300
3,1344,1344,2,240,7,0,115000
3,1077,1077,2,205,5,50,118000
3,1556,1556,2,441,8,78,154000
4,1552,1552,2,782,7,84,212900
5,1746,1746,2,758,7,42,377500
3,1347,1347,3,0,5,70,107500
4,2094,2094,2,615,8,75,263000
4,1743,1743,2,539,7,90,175000
3,894,894,2,400,5,68,110000
3,1080,1080,3,288,5,75,136000
3,1912,1912,3,672,7,60,163000
3,1178,1178,3,384,7,66,102776
4,1795,1795,2,895,7,75,147000
3,1220,1220,2,396,6,67,102000
2,1013,1526,1,0,6,105,85000
4,1525,1525,2,541,6,70,235000
3,954,954,3,240,5,50,119750
3,960,960,2,432,6,73,94750
3,1792,1792,2,451,8,93,186500
4,1626,1626,2,474,6,36,154000
3,1041,1041,2,270,6,80,124500
3,1212,1212,2,460,6,83,186000
2,1092,1092,2,0,7,70,55000
4,1720,1720,2,527,7,59,260400
3,990,990,2,672,5,57,145000
4,2060,2060,2,390,8,0,214000
3,1904,1904,2,240,7,60,138000
3,630,630,3,0,3,21,92000
4,2169,2169,2,647,7,0,228500
4,1718,1718,2,826,7,79,297000
3,1578,1578,3,240,5,79,133000
3,1800,1800,2,0,10,80,141000
3,1456,1456,1,280,7,50,91500
3,1574,1574,2,566,6,0,190000
3,1558,1558,2,282,6,75,152000
3,955,955,3,386,6,66,127000
4,1553,1553,2,615,6,65,186500
3,1848,1848,3,370,8,64,207000
3,1646,1646,2,240,7,53,164000
3,1839,1839,2,442,7,70,155000
3,1674,1674,3,396,8,66,185000
4,1512,1512,2,440,4,0,168500
4,1221,1221,2,400,6,62,185000
4,1247,1247,2,550,4,37,197000
3,980,980,2,384,6,75,135500
3,1986,1986,2,486,7,85,205000
3,935,935,2,288,5,0,137000
3,1573,1573,3,360,8,52,162900
4,1668,1668,2,502,8,48,232000
3,1264,1264,2,461,6,73,167500
5,1838,1838,2,765,8,85,315000
4,1494,1494,2,481,6,30,270000
3,894,894,2,308,5,60,109500
4,848,848,2,420,3,0,141000
3,1512,1656,3,180,8,60,135000
3,1166,1639,2,240,6,51,115000
3,1022,1022,2,280,4,60,85000
3,2345,2345,3,360,9,80,239000
4,2098,2098,2,878,8,80,275500
3,1977,1977,2,540,9,100,165000
4,1135,1135,3,576,6,60,155000
3,1369,1369,2,300,6,54,103600
4,1053,1053,3,312,5,72,145500
4,2084,2084,2,618,8,76,233000
3,996,996,2,564,5,73,147000
3,2554,2554,3,704,8,60,159500
4,1865,1865,2,839,7,0,235000
3,1196,1196,2,297,6,72,139000
3,938,938,2,308,5,0,130250
3,1392,1392,1,576,5,120,110000
2,800,800,1,0,4,51,60000
4,2515,2515,1,484,9,0,200624
4,1576,1576,2,614,6,65,197000
4,1954,1954,3,431,8,0,311500
4,1733,1733,2,433,7,0,225000
3,2073,2073,2,500,7,85,210000
3,768,768,3,396,5,70,133000
3,1481,1481,2,343,6,65,174000
4,2153,2153,2,736,8,0,313000
4,1113,1113,3,264,5,80,147000
4,1506,1506,2,440,6,43,213490
3,1337,1337,2,405,5,32,153500
4,1459,1459,2,527,6,70,192000
3,1339,1339,2,294,6,70,139000
3,1728,1728,2,560,8,63,188000
3,816,816,3,308,5,73,129900
3,1482,1482,3,400,7,0,140000
3,864,864,2,300,5,70,127500
4,1456,1456,2,440,8,85,155835
5,1561,1561,2,556,6,60,277500
3,1309,1309,2,484,5,78,181000
3,1432,1432,3,588,5,0,194000
4,1636,1636,2,865,8,116,255000
4,1456,1456,2,410,7,63,189000
4,1588,1588,2,472,6,78,214000
4,1836,1836,2,862,7,107,280000
4,1652,1652,2,499,6,41,251000
3,1394,1394,2,514,6,0,159000
4,1840,1840,2,622,6,79,230000
3,1547,1547,2,614,7,72,215200
4,1721,1721,2,471,7,70,201000
3,1301,1301,2,440,5,60,100000
3,882,882,3,294,5,0,106500
3,1246,1246,3,305,6,75,154000
4,1911,1911,2,471,8,80,215000
3,630,630,3,0,3,21,81000
3,630,630,2,0,3,21,84500
3,1344,1344,2,525,7,0,137500
3,1964,1964,2,0,7,55,130000
4,1776,1776,2,712,7,93,283463
3,952,952,2,192,4,0,121000
3,1327,1327,2,624,7,75,150750
3,1466,1466,3,566,7,60,170000
3,2019,2019,3,532,8,60,167500
4,1452,1452,2,506,6,35,183900
3,813,813,3,270,5,70,110000
3,1228,1228,2,271,6,0,149350
3,1123,1123,2,264,4,50,100000
4,1141,1141,2,484,6,63,142500
3,1394,1394,2,400,7,73,167500
4,1588,1588,2,825,7,85,227000
3,833,833,3,326,4,90,117000
3,1716,1716,2,490,8,70,171000
4,2291,2291,2,429,8,66,230000
3,1535,1535,2,400,8,64,118858
4,1924,1924,2,592,7,78,280000
3,816,1176,2,528,6,52,114500
4,2224,2224,2,738,10,74,350000
3,1728,1728,2,574,8,55,150900
4,1973,1973,2,895,9,110,395000
4,1959,1959,2,434,8,59,215000
3,1846,1846,2,315,7,78,143000
3,923,923,2,264,5,50,143000
3,1586,1586,2,435,7,48,181000
3,1572,1572,2,373,7,0,168000
4,2031,2031,2,541,8,75,222500
3,2112,2112,2,576,9,85,206900
3,1516,1516,2,472,6,100,167000
3,1426,1426,2,440,6,75,159500
4,1232,1232,2,632,6,64,194500
3,1473,1473,3,452,5,65,143000
3,1604,1604,2,470,7,100,181000
3,1441,1441,2,440,7,24,148500
3,1152,1152,3,484,6,0,180500
3,912,912,2,470,5,0,156000
3,950,950,2,280,5,61,119500
3,1277,1277,2,526,5,85,167000
3,1152,1152,3,300,6,80,158500
3,1269,1269,2,308,6,70,155000
3,605,605,3,0,5,58,86000
3,1456,1456,2,400,8,51,176000
